Saint-Laurent, Quebec, Canada
Saint-Joseph-de-Beauce, Quebec, Canada
Midland, Ontario, Canada
Chesley, Ontario, Canada
Saint-Felicien, Quebec, Canada
Kenora, Ontario, Canada
St-Tite, Quebec, Canada
Marieville, Quebec, Canada
Chicoutimi, Quebec, Canada
Waterville, Quebec, Canada
Virden, Manitoba, Canada
Wingham, Ontario, Canada
Rockglen, Saskatchewan, Canada
Rouyn-Noranda, Quebec, Canada
Gibsons, British Columbia, Canada
Sainte-Anne-des-Plaines, Quebec, Canada
Wadena, Saskatchewan, Canada
Saint-Anselme, Quebec, Canada
Tisdale, Saskatchewan, Canada
Clavet, Saskatchewan, Canada
Invermere, British Columbia, Canada
Bromont, Quebec, Canada
Beauceville, Quebec, Canada
Chesterville, Ontario, Canada
Little Current, Ontario, Canada
Sainte-Anne-de-Bellevue, Quebec, Canada
Bella Bella, British Columbia, Canada
Craik, Saskatchewan, Canada
Sainte-Catherine, Quebec, Canada
Wunnummin Lake, Ontario, Canada
Saint-Boniface-de-Shawinigan, Quebec, Canada
Cote Saint-Luc, Quebec, Canada
Mount Hope, Ontario, Canada
Beauval, Saskatchewan, Canada
Elgin, Ontario, Canada
Chatsworth, Ontario, Canada
L'Epiphanie, Quebec, Canada
North Bay, Ontario, Canada
Dublin, Ontario, Canada
Stirling, Ontario, Canada
Tadoussac, Quebec, Canada
Saint-Basile-le-Grand, Quebec, Canada
Kuujjuaq, Quebec, Canada
Forest, Ontario, Canada
Komoka, Ontario, Canada
Capreol, Ontario, Canada
South Lancaster, Ontario, Canada
Pond Inlet, Nunavut, Canada
Saint-Pascal, Quebec, Canada
Quebec City, Quebec, Canada
Saint-Constant, Quebec, Canada
Saint-Cesaire, Quebec, Canada
Stony Mountain, Manitoba, Canada
Candiac, Quebec, Canada
Armstrong, British Columbia, Canada
Victoriaville, Quebec, Canada
Eganville, Ontario, Canada
Lincoln, Ontario, Canada
Cabri, Saskatchewan, Canada
La Malbaie, Quebec, Canada
St. Catharines, Ontario, Canada
La Ronge, Saskatchewan, Canada
Powell River, British Columbia, Canada
Saint-Remi, Quebec, Canada
Ottawa, Ontario, Canada
Beaverton, Ontario, Canada
Saint-Roch-de-l'Achigan, Quebec, Canada
Mont-Saint-Hilaire, Quebec, Canada
West Nipissing, Ontario, Canada
Alexandria, Ontario, Canada
Peace River, Alberta, Canada
Shaunavon, Saskatchewan, Canada
Scarborough, Ontario, Canada
Sainte-Anne-des-Monts--Tourelle, Quebec, Canada
Saint Paul, Alberta, Canada
Lac-Brome, Quebec, Canada
Temiscaming, Quebec, Canada
Morrisburg, Ontario, Canada
Kitchener, Ontario, Canada
Souris, Manitoba, Canada
Saint Marys, Ontario, Canada
Carman, Manitoba, Canada
Assiniboia, Saskatchewan, Canada
Saint-Pascal, Quebec, Canada
Saint-Alphonse-de-Granby, Quebec, Canada
Les Cedres, Quebec, Canada
Brighton, Ontario, Canada
Port Colborne, Ontario, Canada
Rocanville, Saskatchewan, Canada
La Baie, Quebec, Canada
Acme, Alberta, Canada
Humboldt, Saskatchewan, Canada
St-Lazare, Manitoba, Canada
Esterhazy, Saskatchewan, Canada
Warwick, Quebec, Canada
Shelburne, Nova Scotia, Canada
Three Hills, Alberta, Canada
Lakeshore, Ontario, Canada
Lantzville, British Columbia, Canada
Mount Albert, Ontario, Canada
Fort Simpson, Northwest Territories, Canada
Shoal Lake, Manitoba, Canada
Fort St. James, British Columbia, Canada
Bluewater, Ontario, Canada
Ste. Agathe, Manitoba, Canada
Sutton, Quebec, Canada
Saint-Pierre, Quebec, Canada
Valcourt, Quebec, Canada
Port Mellon, British Columbia, Canada
Nigadoo, New Brunswick, Canada
Saint-Sylvestre, Quebec, Canada
Lambton, Quebec, Canada
Georgetown, Prince Edward Island, Canada
Deloraine, Manitoba, Canada
Napierville, Quebec, Canada
Fermont, Quebec, Canada
Bonaventure, Quebec, Canada
St-Raymond, Quebec, Canada
Maria, Quebec, Canada
Roxboro, Quebec, Canada
Valcourt, Quebec, Canada
Flin Flon, Manitoba, Canada
Longueuil, Quebec, Canada
Maple Ridge, British Columbia, Canada
Saint-Hubert, Quebec, Canada
North Bay, Ontario, Canada
Burnaby, British Columbia, Canada
Fort St. James, British Columbia, Canada
Elora, Ontario, Canada
Greenfield Park, Quebec, Canada
Grand Valley, Ontario, Canada
Morinville, Alberta, Canada
Nipigon, Ontario, Canada
Picton, Ontario, Canada
Cowansville, Quebec, Canada
Saint-Constant, Quebec, Canada
The Blue Mountains, Ontario, Canada
Dollard-Des Ormeaux, Quebec, Canada
Berthierville, Quebec, Canada
Langdon, Alberta, Canada
Candiac, Quebec, Canada
Sioux Lookout, Ontario, Canada
Sainte-Claire, Quebec, Canada
Austin, Manitoba, Canada
Chapleau, Ontario, Canada
Prince Rupert, British Columbia, Canada
Contrecoeur, Quebec, Canada
St-Croix, Quebec, Canada
La Sarre, Quebec, Canada
Beausejour, Manitoba, Canada
Angus, Ontario, Canada
Barriere, British Columbia, Canada
Fort Nelson, British Columbia, Canada
Renfrew, Ontario, Canada
Acton Vale, Quebec, Canada
Sainte-Marguerite-du-Lac-Masson, Quebec, Canada
Lavaltrie, Quebec, Canada
Arnprior, Ontario, Canada
Pictou, Nova Scotia, Canada
New Richmond, Quebec, Canada
Deseronto, Ontario, Canada
Carignan, Quebec, Canada
Tracadie-Sheila, New Brunswick, Canada
Saint-Hubert, Quebec, Canada
Scott, Quebec, Canada
Sainte-Marguerite-du-Lac-Masson, Quebec, Canada
Saint-Paul, New Brunswick, Canada
Degelis, Quebec, Canada
Les Cedres, Quebec, Canada
Pinawa, Manitoba, Canada
Notre-Dame-du-Bon-Conseil, Quebec, Canada
Temiscaming, Quebec, Canada
Gillam, Manitoba, Canada
Saint-Pierre-de-l'Ile-d'Orleans, Quebec, Canada
Timberlea, Nova Scotia, Canada
Calgary, Alberta, Canada
Saint-Lin-Laurentides, Quebec, Canada
Gananoque, Ontario, Canada
Pincourt, Quebec, Canada
Sundre, Alberta, Canada
Lambton Shores, Ontario, Canada
Dunham, Quebec, Canada
Summerland, British Columbia, Canada
Donnacona, Quebec, Canada
Fall River, Nova Scotia, Canada
Ramara, Ontario, Canada
New Tecumseth, Ontario, Canada
Buffalo Narrows, Saskatchewan, Canada
Espanola, Ontario, Canada
Sainte-Therese, Quebec, Canada
Rothesay, New Brunswick, Canada
Trail, British Columbia, Canada
Gormley, Ontario, Canada
Vaudreuil-Dorion, Quebec, Canada
Colwood, British Columbia, Canada
Deux-Montagnes, Quebec, Canada
Grand Forks, British Columbia, Canada
Becancour, Quebec, Canada
Ponoka, Alberta, Canada
Markdale, Ontario, Canada
Chibougamau, Quebec, Canada
Fort MacLeod, Alberta, Canada
Stonewall, Manitoba, Canada
Embrun, Ontario, Canada
Sainte-Marthe-sur-le-Lac, Quebec, Canada
Sept-Iles, Quebec, Canada
Yamachiche, Quebec, Canada
Digby, Nova Scotia, Canada
Grand Valley, Ontario, Canada
Thorold, Ontario, Canada
Beaconsfield, Quebec, Canada
Portneuf, Quebec, Canada
Ville-Marie, Quebec, Canada
Fairview, Alberta, Canada
Beloeil, Quebec, Canada
Varennes, Quebec, Canada
New Hamburg, Ontario, Canada
Martensville, Saskatchewan, Canada
Bow Island, Alberta, Canada
Canwood, Saskatchewan, Canada
Pincourt, Quebec, Canada
La Loche, Saskatchewan, Canada
Treherne, Manitoba, Canada
Burgessville, Ontario, Canada
Elie, Manitoba, Canada
Laurier-Station, Quebec, Canada
Saint-Quentin, New Brunswick, Canada
Eston, Saskatchewan, Canada
Gimli, Manitoba, Canada
Grenville, Quebec, Canada
Balcarres, Saskatchewan, Canada
Muenster, Saskatchewan, Canada
Amqui, Quebec, Canada
Vancouver, British Columbia, Canada
Hanley, Saskatchewan, Canada
Wilcox, Saskatchewan, Canada
Saint-Felix-de-Valois, Quebec, Canada
Lac du Bonnet, Manitoba, Canada
Lorette, Manitoba, Canada
Weekes, Saskatchewan, Canada
Prevost, Quebec, Canada
Montreal, Quebec, Canada
Ottawa, Ontario, Canada
Brockville, Ontario, Canada
Halifax, Nova Scotia, Canada
Greater Sudbury, Ontario, Canada
Fredericton, New Brunswick, Canada
Inuvik, Northwest Territories, Canada
Penticton, British Columbia, Canada
Fort Erie, Ontario, Canada
Quebec City, Quebec, Canada
Laval, Quebec, Canada
Winnipeg, Manitoba, Canada
Regina, Saskatchewan, Canada
Calgary, Alberta, Canada
Yellowknife, Northwest Territories, Canada
Waterloo, Ontario, Canada
Mirabel, Quebec, Canada
Beloeil, Quebec, Canada
Nanaimo, British Columbia, Canada
Sorel-Tracy, Quebec, Canada
Montmagny, Quebec, Canada
Delta, British Columbia, Canada
Mount Royal, Quebec, Canada
Maple Creek, Saskatchewan, Canada
Leamington, Ontario, Canada
La Malbaie, Quebec, Canada
Airdrie, Alberta, Canada
Baie-Saint-Paul, Quebec, Canada
Greater Sudbury, Ontario, Canada
Langley City, British Columbia, Canada
New Westminster, British Columbia, Canada
Dawson Creek, British Columbia, Canada
Osoyoos, British Columbia, Canada
Lacombe, Alberta, Canada
Antigonish, Nova Scotia, Canada
Dartmouth, Nova Scotia, Canada
Windsor, Nova Scotia, Canada
Duncan, British Columbia, Canada
Squamish, British Columbia, Canada
Barrie, Ontario, Canada
Okotoks, Alberta, Canada
Langley City, British Columbia, Canada
Amherstburg, Ontario, Canada
Grand Falls-Windsor, Newfoundland and Labrador, Canada
Sicamous, British Columbia, Canada
Charlottetown, Prince Edward Island, Canada
Gander, Newfoundland and Labrador, Canada
Saugeen Shores, Ontario, Canada
Belleville, Ontario, Canada
Slave Lake, Alberta, Canada
Sainte-Catherine-de-la-Jacques-Cartier, Quebec, Canada
Saint-Sauveur, Quebec, Canada
Mount Royal, Quebec, Canada
Oshawa, Ontario, Canada
Sarnia, Ontario, Canada
Georgetown, Ontario, Canada
St-Bruno-de-Montarville, Quebec, Canada
Kemptville, Ontario, Canada
Sherwood Park, Alberta, Canada
Farnham, Quebec, Canada
Riviere-du-Loup, Quebec, Canada
Owen Sound, Ontario, Canada
Port Moody, British Columbia, Canada
Campbell River, British Columbia, Canada
Cornwall, Ontario, Canada
Brandon, Manitoba, Canada
Saint-Cesaire, Quebec, Canada
Bowmanville, Ontario, Canada
Brantford, Ontario, Canada
Niagara Falls, Ontario, Canada
Whitchurch-Stouffville, Ontario, Canada
Edson, Alberta, Canada
Bradford West Gwillimbury, Ontario, Canada
Mission, British Columbia, Canada
100 Mile House, British Columbia, Canada
Deschambault, Quebec, Canada
LaSalle, Ontario, Canada
Whitewood, Saskatchewan, Canada
Vermilion, Alberta, Canada
Rosemere, Quebec, Canada
Saint-Louis de Kent, New Brunswick, Canada
Didsbury, Alberta, Canada
Edmundston, New Brunswick, Canada
Ayr, Ontario, Canada
West Vancouver, British Columbia, Canada
Bedford, Nova Scotia, Canada
Indian Head, Saskatchewan, Canada
Lakefield, Ontario, Canada
Clearwater, British Columbia, Canada
Brant, Ontario, Canada
St. Albert, Alberta, Canada
Mount Royal, Quebec, Canada
Tillsonburg, Ontario, Canada
Amos, Quebec, Canada
Bois-des-Filion, Quebec, Canada
Saint-Hyacinthe, Quebec, Canada
Rimbey, Alberta, Canada
Atholville, New Brunswick, Canada
Goderich, Ontario, Canada
Temiskaming Shores, Ontario, Canada
Levis, Quebec, Canada
Bridgewater, Nova Scotia, Canada
Huntsville, Ontario, Canada
Swift Current, Saskatchewan, Canada
Richelieu, Quebec, Canada
Papineauville, Quebec, Canada
Elliot Lake, Ontario, Canada
Saint-Nicolas, Quebec, Canada
Brooks, Alberta, Canada
Blainville, Quebec, Canada
Provost, Alberta, Canada
Bedford, Quebec, Canada
Kitimat, British Columbia, Canada
Alma, Quebec, Canada
Haldimand, Ontario, Canada
Kirkland, Quebec, Canada
Outlook, Saskatchewan, Canada
Ladysmith, British Columbia, Canada
Schomberg, Ontario, Canada
Wilkie, Saskatchewan, Canada
Stettler, Alberta, Canada
The Blue Mountains, Ontario, Canada
Mont-Joli, Quebec, Canada
Fort St. John, British Columbia, Canada
Acton, Ontario, Canada
Morris, Manitoba, Canada
Carberry, Manitoba, Canada
Paradise, Newfoundland and Labrador, Canada
Blind River, Ontario, Canada
Cayuga, Ontario, Canada
Redcliff, Alberta, Canada
Waterford, Ontario, Canada
Berwick, Nova Scotia, Canada
Windsor, Quebec, Canada
Chase, British Columbia, Canada
St. Albert, Alberta, Canada
Asbestos, Quebec, Canada
Big River, Saskatchewan, Canada
Beauceville, Quebec, Canada
Bamfield, British Columbia, Canada
Pont-Rouge, Quebec, Canada
Eastern Passage, Nova Scotia, Canada
Rimouski, Quebec, Canada
Saint-Lambert, Quebec, Canada
Burlington, Ontario, Canada
Cowansville, Quebec, Canada
Fort McMurray, Alberta, Canada
Cranbrook, British Columbia, Canada
Sparwood, British Columbia, Canada
Richmond, British Columbia, Canada
Alma, Quebec, Canada
Banff, Alberta, Canada
Prince George, British Columbia, Canada
Shawinigan, Quebec, Canada
Lethbridge, Alberta, Canada
London, Ontario, Canada
Aurora, Ontario, Canada
Red Deer, Alberta, Canada
Bromont, Quebec, Canada
Mattawa, Ontario, Canada
Windsor, Ontario, Canada
Trois-Rivieres, Quebec, Canada
Courtice, Ontario, Canada
Newmarket, Ontario, Canada
Westmount, Quebec, Canada
Ajax, Ontario, Canada
Saint-Jean-sur-Richelieu, Quebec, Canada
Granby, Quebec, Canada
Sainte-Marie, Quebec, Canada
Chateauguay, Quebec, Canada
L'Ancienne-Lorette, Quebec, Canada
Vanderhoof, British Columbia, Canada
Leduc, Alberta, Canada
Sidney, British Columbia, Canada
Truro, Nova Scotia, Canada
Grande Prairie, Alberta, Canada
Fort St. John, British Columbia, Canada
Quebec City, Quebec, Canada
Papineauville, Quebec, Canada
Rimouski, Quebec, Canada
Burns Lake, British Columbia, Canada
Pointe-Claire, Quebec, Canada
Moose Jaw, Saskatchewan, Canada
North Battleford, Saskatchewan, Canada
Tecumseh, Ontario, Canada
Amos, Quebec, Canada
Yarmouth, Nova Scotia, Canada
Prince Albert, Saskatchewan, Canada
Port Perry, Ontario, Canada
Dollard-Des Ormeaux, Quebec, Canada
Val-d'Or, Quebec, Canada
Fort Frances, Ontario, Canada
Maniwaki, Quebec, Canada
Mont-Laurier, Quebec, Canada
Gatineau, Quebec, Canada
Trois-Rivieres, Quebec, Canada
New Minas, Nova Scotia, Canada
Blainville, Quebec, Canada
La Prairie, Quebec, Canada
St. John's, Newfoundland and Labrador, Canada
Kentville, Nova Scotia, Canada
Dolbeau-Mistassini, Quebec, Canada
Perth, Ontario, Canada
Williams Lake, British Columbia, Canada
Dollard-Des Ormeaux, Quebec, Canada
Bracebridge, Ontario, Canada
Gravenhurst, Ontario, Canada
Saint-Lin-Laurentides, Quebec, Canada
Canmore, Alberta, Canada
Saint-Felix-de-Valois, Quebec, Canada
Saint-Jean-sur-Richelieu, Quebec, Canada
Nelson, British Columbia, Canada
Port Hope, Ontario, Canada
Sussex, New Brunswick, Canada
Sydney, Nova Scotia, Canada
Sainte-Catherine, Quebec, Canada
Thornhill, Ontario, Canada
Kaslo, British Columbia, Canada
Roberval, Quebec, Canada
Chatham-Kent, Ontario, Canada
Innisfil, Ontario, Canada
Delson, Quebec, Canada
Sault Ste. Marie, Ontario, Canada
Whitecourt, Alberta, Canada
Rocky Mountain House, Alberta, Canada
Woodstock, New Brunswick, Canada
Saint Marys, Ontario, Canada
Rosetown, Saskatchewan, Canada
Terrace, British Columbia, Canada
Wainwright, Alberta, Canada
Labrador City, Newfoundland and Labrador, Canada
Sainte-Agathe-des-Monts, Quebec, Canada
Port Hardy, British Columbia, Canada
Dollard-Des Ormeaux, Quebec, Canada
Sainte-Adele, Quebec, Canada
Sainte-Marthe-sur-le-Lac, Quebec, Canada
Elmira, Ontario, Canada
Kawartha Lakes, Ontario, Canada
Prevost, Quebec, Canada
Cobden, Ontario, Canada
St-Bruno-de-Montarville, Quebec, Canada
Terrace Bay, Ontario, Canada
Baie-Comeau, Quebec, Canada
Sorel-Tracy, Quebec, Canada
Prince Edward, Ontario, Canada
Richelieu, Quebec, Canada
Boischatel, Quebec, Canada
Clinton, British Columbia, Canada
Clinton, Ontario, Canada
Iroquois Falls, Ontario, Canada
Winkler, Manitoba, Canada
Nicolet, Quebec, Canada
Lambton, Quebec, Canada
Val-Morin, Quebec, Canada
Lac-Megantic, Quebec, Canada
Sheet Harbour, Nova Scotia, Canada
Juniper, New Brunswick, Canada
Saint Paul, Alberta, Canada
Brentwood Bay, British Columbia, Canada
Orleans, Ontario, Canada
Kuujjuaq, Quebec, Canada
Magog, Quebec, Canada
Wainfleet, Ontario, Canada
North Sydney, Nova Scotia, Canada
Manitou, Manitoba, Canada
Minto, Ontario, Canada
Manitouwadge, Ontario, Canada
Barwick, Ontario, Canada
Salt Spring Island, British Columbia, Canada
Plympton-Wyoming, Ontario, Canada
Gaspe, Quebec, Canada
Sainte-Julie, Quebec, Canada
Tees, Alberta, Canada
Tofield, Alberta, Canada
Arborg, Manitoba, Canada
Sainte-Anne-de-Bellevue, Quebec, Canada
Trois-Pistoles, Quebec, Canada
Burk's Falls, Ontario, Canada
Saint-Alphonse-de-Granby, Quebec, Canada
Haley Station, Ontario, Canada
Saint-Sylvestre, Quebec, Canada
Marieville, Quebec, Canada
Doaktown, New Brunswick, Canada
Naramata, British Columbia, Canada
Kouchibouguac National Park, New Brunswick, Canada
North York, Ontario, Canada
Dugald, Manitoba, Canada
Barrington, Nova Scotia, Canada
Selwyn, Ontario, Canada
York, Ontario, Canada
Point Edward, Ontario, Canada
Midhurst, Ontario, Canada
Boissevain, Manitoba, Canada
Smithers, British Columbia, Canada
Radville, Saskatchewan, Canada
Shippagan, New Brunswick, Canada
Dawson City, Yukon, Canada
Stanstead, Quebec, Canada
Glenboro, Manitoba, Canada
Taber, Alberta, Canada
Ucluelet, British Columbia, Canada
Ingersoll, Ontario, Canada
Iqaluit, Nunavut, Canada
Madoc, Ontario, Canada
Saint-Pie, Quebec, Canada
Kirkland, Quebec, Canada
Saint-Roch-de-l'Achigan, Quebec, Canada
Warman, Saskatchewan, Canada
Shawnigan Lake, British Columbia, Canada
Mackenzie, British Columbia, Canada
Matachewan, Ontario, Canada
Allan, Saskatchewan, Canada
Colborne, Ontario, Canada
High Prairie, Alberta, Canada
Sainte-Claire, Quebec, Canada
Waterloo, Quebec, Canada
Selkirk, Manitoba, Canada
Piedmont, Quebec, Canada
L'Ancienne-Lorette, Quebec, Canada
Griffin, Saskatchewan, Canada
Beaupre, Quebec, Canada
Lakefield, Ontario, Canada
Moosomin, Saskatchewan, Canada
Temiscouata-sur-le-Lac, Quebec, Canada
Wolfville, Nova Scotia, Canada
Farnham, Quebec, Canada
Baie Verte, Newfoundland and Labrador, Canada
Greater Napanee, Ontario, Canada
Wynyard, Saskatchewan, Canada
North Portal, Saskatchewan, Canada
Lasalle, Quebec, Canada
Powassan, Ontario, Canada
South Slocan, British Columbia, Canada
Cambridge Bay, Nunavut, Canada
Minnedosa, Manitoba, Canada
Dunham, Quebec, Canada
L'Orignal, Ontario, Canada
Fort St. James, British Columbia, Canada
Smooth Rock Falls, Ontario, Canada
Hudson, Quebec, Canada
Dorset, Ontario, Canada
Oliver, British Columbia, Canada
Baie-D'Urfe, Quebec, Canada
Cote Saint-Luc, Quebec, Canada
Kingsville, Ontario, Canada
Cobourg, Ontario, Canada
Fernie, British Columbia, Canada
Russell, Manitoba, Canada
St-Croix, Quebec, Canada
Lac la Biche, Alberta, Canada
Sainte-Julie, Quebec, Canada
Thetford Mines, Quebec, Canada
Quispamsis, New Brunswick, Canada
Port Hawkesbury, Nova Scotia, Canada
Mont-Laurier, Quebec, Canada
Chicoutimi, Quebec, Canada
L'Assomption, Quebec, Canada
St-Bruno-de-Montarville, Quebec, Canada
Beaconsfield, Quebec, Canada
Quesnel, British Columbia, Canada
Thompson, Manitoba, Canada
Listowel, Ontario, Canada
Kapuskasing, Ontario, Canada
Matane, Quebec, Canada
Marathon, Ontario, Canada
Sept-Iles, Quebec, Canada
Shippagan, New Brunswick, Canada
McBride, British Columbia, Canada
Vegreville, Alberta, Canada
Sainte-Anne-des-Plaines, Quebec, Canada
Port McNicoll, Ontario, Canada
Ashcroft, British Columbia, Canada
La Pocatiere, Quebec, Canada
Boisbriand, Quebec, Canada
King City, Ontario, Canada
Milverton, Ontario, Canada
Castlegar, British Columbia, Canada
Waterville, Quebec, Canada
Hawkesbury, Ontario, Canada
Sainte-Adele, Quebec, Canada
Becancour, Quebec, Canada
Crowsnest Pass, Alberta, Canada
Drayton Valley, Alberta, Canada
Lloydminster, Alberta, Canada
Wabush, Newfoundland and Labrador, Canada
Shelburne, Ontario, Canada
La Prairie, Quebec, Canada
Dubreuilville, Ontario, Canada
Melville, Saskatchewan, Canada
Hanna, Alberta, Canada
Gull Lake, Saskatchewan, Canada
Princeton, British Columbia, Canada
Caronport, Saskatchewan, Canada
Beausejour, Manitoba, Canada
Penetanguishene, Ontario, Canada
Chateau-Richer, Quebec, Canada
Ashern, Manitoba, Canada
Norquay, Saskatchewan, Canada
West Nipissing, Ontario, Canada
Arva, Ontario, Canada
Huron East, Ontario, Canada
Berthierville, Quebec, Canada
Hubbards, Nova Scotia, Canada
Beaupre, Quebec, Canada
Brome, Quebec, Canada
Deux-Montagnes, Quebec, Canada
Dundurn, Saskatchewan, Canada
Apsley, Ontario, Canada
Lombardy, Ontario, Canada
Creighton, Saskatchewan, Canada
Lumby, British Columbia, Canada
Mahone Bay, Nova Scotia, Canada
Fort Saskatchewan, Alberta, Canada
Erin, Ontario, Canada
Rankin Inlet, Nunavut, Canada
Saint-Joseph-de-Beauce, Quebec, Canada
Powerview-Pine Falls, Manitoba, Canada
Scott, Quebec, Canada
Vallee-Jonction, Quebec, Canada
Grande Cache, Alberta, Canada
Lac-Megantic, Quebec, Canada
Oromocto, New Brunswick, Canada
North Saanich, British Columbia, Canada
Richmond, Quebec, Canada
Norwich, Ontario, Canada
Sackville, New Brunswick, Canada
Thetford Mines, Quebec, Canada
Montmagny, Quebec, Canada
Ile-a-la-Crosse, Saskatchewan, Canada
Kimberley, British Columbia, Canada
Dawson City, Yukon, Canada
Lac-Brome, Quebec, Canada
Creemore, Ontario, Canada
Piedmont, Quebec, Canada
Athabasca, Alberta, Canada
Bouctouche, New Brunswick, Canada
Halton Hills, Ontario, Canada
Nobleton, Ontario, Canada
Earlton, Ontario, Canada
Shellbrook, Saskatchewan, Canada
Coldwater, Ontario, Canada
Baker Lake, Nunavut, Canada
Laurier-Station, Quebec, Canada
Gravelbourg, Saskatchewan, Canada
Baie-D'Urfe, Quebec, Canada
Lorraine, Quebec, Canada
Wawanesa, Manitoba, Canada
Moose Creek, Ontario, Canada
Eastman, Quebec, Canada
Smithville, Ontario, Canada
Rexton, New Brunswick, Canada
Onanole, Manitoba, Canada
Bois-des-Filion, Quebec, Canada
L'Assomption, Quebec, Canada
Teulon, Manitoba, Canada
Bois-des-Filion, Quebec, Canada
Tignish, Prince Edward Island, Canada
Rainy River, Ontario, Canada
Waterloo, Quebec, Canada
Carleton-sur-mer, Quebec, Canada
Ramara, Ontario, Canada
Killarney, Manitoba, Canada
Richmond, Ontario, Canada
Gold River, British Columbia, Canada
Kahnawake, Quebec, Canada
Glencoe, Ontario, Canada
Mont-Joli, Quebec, Canada
Contrecoeur, Quebec, Canada
Springdale, Newfoundland and Labrador, Canada
St. Jacobs, Ontario, Canada
Temiscouata-sur-le-Lac, Quebec, Canada
Lac-Etchemin, Quebec, Canada
Saint-Basile-le-Grand, Quebec, Canada
Stanstead, Quebec, Canada
Campbellford, Ontario, Canada
Valemount, British Columbia, Canada
Montebello, Quebec, Canada
Whistler, British Columbia, Canada
Wetaskiwin, Alberta, Canada
Lachute, Quebec, Canada
Edmundston, New Brunswick, Canada
Hearst, Ontario, Canada
Beaumont, Alberta, Canada
Shediac, New Brunswick, Canada
Acton Vale, Quebec, Canada
St. Thomas, Ontario, Canada
Saint-Georges, Quebec, Canada
Sainte-Agathe-des-Monts, Quebec, Canada
Saint-Basile-le-Grand, Quebec, Canada
Lindsay, Ontario, Canada
Rouyn-Noranda, Quebec, Canada
Stony Plain, Alberta, Canada
Estevan, Saskatchewan, Canada
Bonnyville, Alberta, Canada
Gaspe, Quebec, Canada
Chambly, Quebec, Canada
Pangnirtung, Nunavut, Canada
L'Ile-Perrot, Quebec, Canada
Saint-Pie, Quebec, Canada
Mill Bay, British Columbia, Canada
Hudson Bay, Saskatchewan, Canada
Danville, Quebec, Canada
Saint-Basile-le-Grand, Quebec, Canada
Pont-Rouge, Quebec, Canada
Newcastle, Ontario, Canada
Saint-Augustin, Quebec, Canada
Steinbach, Manitoba, Canada
Edam, Saskatchewan, Canada
Bancroft, Ontario, Canada
New Richmond, Quebec, Canada
Miami, Manitoba, Canada
Saint-Felicien, Quebec, Canada
Fisher Branch, Manitoba, Canada
Rosemere, Quebec, Canada
Lake Cowichan, British Columbia, Canada
Saint-Mathieu-de-Beloeil, Quebec, Canada
Dorval, Quebec, Canada
Memramcook, New Brunswick, Canada
Clair, New Brunswick, Canada
Saint-Pierre-de-l'Ile-d'Orleans, Quebec, Canada
Saint-Cyrille-de-Wendover, Quebec, Canada
Lutselk'e, Northwest Territories, Canada
Amqui, Quebec, Canada
Montreal, Quebec, Canada
Durham, Ontario, Canada
Carlisle, Ontario, Canada
Saint-Elzear, Quebec, Canada
L'Epiphanie, Quebec, Canada
La Pocatiere, Quebec, Canada
Red Lake, Ontario, Canada
Merrickville-Wolford, Ontario, Canada
Russell, Ontario, Canada
Degelis, Quebec, Canada
View Royal, British Columbia, Canada
Oak Bluff, Manitoba, Canada
Waterton Lakes National Park of Canada, Alberta, Canada
McCreary, Manitoba, Canada
Richibucto Road, New Brunswick, Canada
Frontier, Saskatchewan, Canada
Saint-Laurent, Quebec, Canada
Saint-Boniface-de-Shawinigan, Quebec, Canada
Portneuf, Quebec, Canada
Bonshaw, Prince Edward Island, Canada
Nigadoo, New Brunswick, Canada
Saint-Victor, Quebec, Canada
Abbotsford, British Columbia, Canada
Vancouver, British Columbia, Canada
Toronto, Ontario, Canada
Sherbrooke, Quebec, Canada
Kelowna, British Columbia, Canada
Cambridge, Ontario, Canada
Saint John, New Brunswick, Canada
St. Catharines, Ontario, Canada
Brampton, Ontario, Canada
Saguenay, Quebec, Canada
Moncton, New Brunswick, Canada
Levis, Quebec, Canada
Notre-Dame-du-Bon-Conseil, Quebec, Canada
Lillooet, British Columbia, Canada
Happy Valley-Goose Bay, Newfoundland and Labrador, Canada
Hamilton, Ontario, Canada
St-Bruno-de-Montarville, Quebec, Canada
Gatineau, Quebec, Canada
Welland, Ontario, Canada
Chambly, Quebec, Canada
Quebec City, Quebec, Canada
St. John's, Newfoundland and Labrador, Canada
Quebec City, Quebec, Canada
Thunder Bay, Ontario, Canada
Saint-Eustache, Quebec, Canada
Etobicoke, Ontario, Canada
Florenceville-Bristol, New Brunswick, Canada
Milton, Ontario, Canada
Saskatoon, Saskatchewan, Canada
Montreal, Quebec, Canada
Coquitlam, British Columbia, Canada
Whitehorse, Yukon, Canada
Tracadie-Sheila, New Brunswick, Canada
Kincardine, Ontario, Canada
Langley Township, British Columbia, Canada
Drummondville, Quebec, Canada
Collingwood, Ontario, Canada
White Rock, British Columbia, Canada
Dieppe, New Brunswick, Canada
La Tuque, Quebec, Canada
Merritt, British Columbia, Canada
Valleyview, Alberta, Canada
Orillia, Ontario, Canada
Caledon, Ontario, Canada
Spruce Grove, Alberta, Canada
Carignan, Quebec, Canada
Hinton, Alberta, Canada
Courtenay, British Columbia, Canada
Bathurst, New Brunswick, Canada
Fort Saskatchewan, Alberta, Canada
Dorval, Quebec, Canada
Greater Napanee, Ontario, Canada
Cumberland, British Columbia, Canada
Whitby, Ontario, Canada
Ste. Anne, Manitoba, Canada
Cold Lake, Alberta, Canada
Pitt Meadows, British Columbia, Canada
Haliburton, Ontario, Canada
Asbestos, Quebec, Canada
Joliette, Quebec, Canada
Carleton Place, Ontario, Canada
Pembroke, Ontario, Canada
Woodstock, Ontario, Canada
Salaberry-de-Valleyfield, Quebec, Canada
Strathroy, Ontario, Canada
Saint-Martin, Quebec, Canada
Smiths Falls, Ontario, Canada
Richibucto, New Brunswick, Canada
Shawinigan, Quebec, Canada
Masset, British Columbia, Canada
Nipawin, Saskatchewan, Canada
Nisku, Alberta, Canada
Kingsey Falls, Quebec, Canada
Petawawa, Ontario, Canada
Saint-Alphonse-de-Granby, Quebec, Canada
Saint-Anselme, Quebec, Canada
Georgina, Ontario, Canada
Saint-Augustin, Quebec, Canada
Orangeville, Ontario, Canada
Enfield, Nova Scotia, Canada
Melfort, Saskatchewan, Canada
Varennes, Quebec, Canada
Amherst, Nova Scotia, Canada
Terrebonne, Quebec, Canada
Olds, Alberta, Canada
St-Raymond, Quebec, Canada
Grimsby, Ontario, Canada
Sainte-Catherine-de-la-Jacques-Cartier, Quebec, Canada
Camrose, Alberta, Canada
Nicolet, Quebec, Canada
Salmon Arm, British Columbia, Canada
Miramichi, New Brunswick, Canada
Clarenville, Newfoundland and Labrador, Canada
Westmount, Quebec, Canada
Sorel-Tracy, Quebec, Canada
St-Bruno-de-Montarville, Quebec, Canada
Baie-D'Urfe, Quebec, Canada
Lanark, Ontario, Canada
Quebec City, Quebec, Canada
Parry Sound, Ontario, Canada
St-Tite, Quebec, Canada
Deep River, Ontario, Canada
Barrhead, Alberta, Canada
Golden, British Columbia, Canada
Altona, Manitoba, Canada
Hay River, Northwest Territories, Canada
Saint-Sauveur, Quebec, Canada
Coaticook, Quebec, Canada
Sainte-Therese, Quebec, Canada
Richmond, Quebec, Canada
Blue River, British Columbia, Canada
Chestermere, Alberta, Canada
Stephenville, Newfoundland and Labrador, Canada
Matane, Quebec, Canada
Port-Cartier, Quebec, Canada
Dryden, Ontario, Canada
Portage la Prairie, Manitoba, Canada
Hope, British Columbia, Canada
Louiseville, Quebec, Canada
Niverville, Manitoba, Canada
Kamsack, Saskatchewan, Canada
Swan River, Manitoba, Canada
Saint-Remi, Quebec, Canada
Fillmore, Saskatchewan, Canada
St. Jacobs, Ontario, Canada
Carlyle, Saskatchewan, Canada
Mercier, Quebec, Canada
Cole Harbour, Nova Scotia, Canada
New Dundee, Ontario, Canada
Port-Cartier, Quebec, Canada
Sainte-Agathe-de-Lotbiniere, Quebec, Canada
Saint Stephen, New Brunswick, Canada
Millbrook, Ontario, Canada
Hudson, Quebec, Canada
Cochrane, Ontario, Canada
Prince Albert National Park, Saskatchewan, Canada
South River, Ontario, Canada
Edmonton International Airport, Alberta, Canada
Queen Charlotte, British Columbia, Canada
Barry's Bay, Ontario, Canada
Cranberry Portage, Manitoba, Canada
Saint John, New Brunswick, Canada
Saint-Victor, Quebec, Canada
Selwyn, Ontario, Canada
Goffs, Nova Scotia, Canada
Lasalle, Quebec, Canada
Mississauga, Ontario, Canada
Salaberry-de-Valleyfield, Quebec, Canada
Lundar, Manitoba, Canada
Perce, Quebec, Canada
Canyon, British Columbia, Canada
Roberval, Quebec, Canada
Vankleek Hill, Ontario, Canada
LeMoyne, Quebec, Canada
Berthierville, Quebec, Canada
Chateau-Richer, Quebec, Canada
Danville, Quebec, Canada
Snow Lake, Manitoba, Canada
Victoria, British Columbia, Canada
Langley Township, British Columbia, Canada
Medicine Hat, Alberta, Canada
Westlock, Alberta, Canada
Edmonton, Alberta, Canada
Quebec City, Quebec, Canada
Vaughan, Ontario, Canada
Mississauga, Ontario, Canada
Kingston, Ontario, Canada
Surrey, British Columbia, Canada
Brossard, Quebec, Canada
North Vancouver, British Columbia, Canada
Terrebonne, Quebec, Canada
Victoriaville, Quebec, Canada
Markham, Ontario, Canada
Saint-Hyacinthe, Quebec, Canada
New Glasgow, Nova Scotia, Canada
Oakville, Ontario, Canada
Port Coquitlam, British Columbia, Canada
Pickering, Ontario, Canada
Boucherville, Quebec, Canada
Kamloops, British Columbia, Canada
Guelph, Ontario, Canada
Hanover, Ontario, Canada
Vernon, British Columbia, Canada
Comox, British Columbia, Canada
Rouyn-Noranda, Quebec, Canada
Richmond Hill, Ontario, Canada
Quinte West, Ontario, Canada
Chalk River, Ontario, Canada
Mont-Tremblant, Quebec, Canada
Chilliwack, British Columbia, Canada
Kitchener, Ontario, Canada
Boisbriand, Quebec, Canada
Revelstoke, British Columbia, Canada
Pointe-Claire, Quebec, Canada
High Level, Alberta, Canada
Lower Sackville, Nova Scotia, Canada
Pincher Creek, Alberta, Canada
Saint-Mathieu-de-Beloeil, Quebec, Canada
Chateauguay, Quebec, Canada
Clarence-Rockland, Ontario, Canada
Drumheller, Alberta, Canada
Meadow Lake, Saskatchewan, Canada
Niagara-on-the-Lake, Ontario, Canada
Stoney Creek, Ontario, Canada
Brossard, Quebec, Canada
Mascouche, Quebec, Canada
Stratford, Ontario, Canada
Timmins, Ontario, Canada
Saint-Georges, Quebec, Canada
Vaudreuil-Dorion, Quebec, Canada
Yorkton, Saskatchewan, Canada
Kindersley, Saskatchewan, Canada
Casselman, Ontario, Canada
Boucherville, Quebec, Canada
Ripley, Ontario, Canada
Saint Leonard, Quebec, Canada
Summerside, Prince Edward Island, Canada
Moosonee, Ontario, Canada
St. Thomas, Ontario, Canada
Saint-Jerome, Quebec, Canada
Lloydminster, Alberta, Canada
Saint-Jean-de-l'Ile-d'Orleans, Quebec, Canada
Sainte-Marie, Quebec, Canada
Magog, Quebec, Canada
Peterborough, Ontario, Canada
Jasper, Alberta, Canada
Fergus, Ontario, Canada
Parksville, British Columbia, Canada
Saint-Nicolas, Quebec, Canada
Mercier, Quebec, Canada
Port Alberni, British Columbia, Canada
Norman Wells, Northwest Territories, Canada
Aylmer, Ontario, Canada
Sylvan Lake, Alberta, Canada
Stellarton, Nova Scotia, Canada
The Pas, Manitoba, Canada
Saint-Quentin, New Brunswick, Canada
Campbellton, New Brunswick, Canada
Saint-Lambert, Quebec, Canada
Pohenegamook, Quebec, Canada
Saint-Eustache, Quebec, Canada
East Gwillimbury, Ontario, Canada
Riviere-du-Loup, Quebec, Canada
Contrecoeur, Quebec, Canada
Kanata, Ontario, Canada
Chelsea, Quebec, Canada
Pelham, Ontario, Canada
Mount Pearl, Newfoundland and Labrador, Canada
Louiseville, Quebec, Canada
Val-d'Or, Quebec, Canada
Dolbeau-Mistassini, Quebec, Canada
Simcoe, Ontario, Canada
La Tuque, Quebec, Canada
Coaticook, Quebec, Canada
Lawrencetown, Nova Scotia, Canada
Creston, British Columbia, Canada
Neepawa, Manitoba, Canada
Sutton, Quebec, Canada
Repentigny, Quebec, Canada
Swan Hills, Alberta, Canada
Kirkland Lake, Ontario, Canada
Thessalon, Ontario, Canada
Mont-Tremblant, Quebec, Canada
High River, Alberta, Canada
Unity, Saskatchewan, Canada
Breton, Alberta, Canada
Corner Brook, Newfoundland and Labrador, Canada
St-Croix, Quebec, Canada
Caraquet, New Brunswick, Canada
Hagersville, Ontario, Canada
Drummondville, Quebec, Canada
Montebello, Quebec, Canada
Baie-Comeau, Quebec, Canada
Essex, Ontario, Canada
Houston, British Columbia, Canada
Morden, Manitoba, Canada
Mississippi Mills, Ontario, Canada
Glace Bay, Nova Scotia, Canada
Napierville, Quebec, Canada
Conception Bay South, Newfoundland and Labrador, Canada
Windsor, Quebec, Canada
Ville-Marie, Quebec, Canada
Chibougamau, Quebec, Canada
Biggar, Saskatchewan, Canada
Weyburn, Saskatchewan, Canada
Lac-Delage, Quebec, Canada
Dauphin, Manitoba, Canada
Bedford, Quebec, Canada
Cote Saint-Luc, Quebec, Canada
Annapolis Royal, Nova Scotia, Canada
Tsawwassen, British Columbia, Canada
Fort Providence, Northwest Territories, Canada
Edmonton, Alberta, Canada
Igloolik, Nunavut, Canada
Englehart, Ontario, Canada
Exeter, Ontario, Canada
Salaberry-de-Valleyfield, Quebec, Canada
Fermont, Quebec, Canada
Alert Bay, British Columbia, Canada
Mascouche, Quebec, Canada
Consul, Saskatchewan, Canada
Maniwaki, Quebec, Canada
Saint-Elzear, Quebec, Canada
Lampman, Saskatchewan, Canada
Laurentiens, Quebec, Canada
La Sarre, Quebec, Canada
Vallee-Jonction, Quebec, Canada
La Guadeloupe, Quebec, Canada
Saint George, New Brunswick, Canada
Geraldton, Ontario, Canada
Chelsea, Quebec, Canada
Prescott, Ontario, Canada
Saint-Jean-de-l'Ile-d'Orleans, Quebec, Canada
Amos, Quebec, Canada
Baden, Ontario, Canada
Wawa, Ontario, Canada
Saint-Louis de Kent, New Brunswick, Canada
Kahnawake, Quebec, Canada
St-Raymond, Quebec, Canada
Bonfield, Ontario, Canada
Sainte-Agathe-des-Monts, Quebec, Canada
Lac-Brome, Quebec, Canada
Atikokan, Ontario, Canada
Bouctouche, New Brunswick, Canada
Bruno, Saskatchewan, Canada
Cap-de-la-Madeleine, Quebec, Canada
St-Croix, Quebec, Canada
Montreal, Quebec, Canada